experiment_type,num_trials,expected_connectors,predicted_connectors,recovered_connectors,missed_connectors,extra_connectors,connector_precision,connector_recall,connector_f1
agent,17,187,16,16,171,0,1.0,0.0855614973262032,0.15763546798029557
baseline,17,187,21,21,166,0,1.0,0.11229946524064172,0.20192307692307693
sparql,17,187,115,102,85,13,0.8869565217391304,0.5454545454545454,0.6754966887417219
