experiment_type,num_trials,exact_match_count,exact_match_rate,triple_precision_mean,triple_precision_median,triple_precision_stdev,triple_precision_min,triple_precision_max,triple_recall_mean,triple_recall_median,triple_recall_stdev,triple_recall_min,triple_recall_max,triple_f1_mean,triple_f1_median,triple_f1_stdev,triple_f1_min,triple_f1_max
agent,8,4,0.5,0.5838095238095238,0.74,0.4690435097717022,0.0,1.0,0.615546218487395,0.7857142857142857,0.4503841074239198,0.0,1.0,0.5865617433414043,0.7033898305084746,0.4620860952037631,0.0,1.0
baseline,6,0,0.0,0.3752338029245245,0.3076285240464345,0.3778934703481765,0.019083969465648856,0.8536585365853658,0.8817297798646435,0.9268292682926829,0.16124253051734372,0.5882352941176471,1.0,0.40665844123157885,0.3420523138832998,0.3713853323130051,0.03745318352059925,0.8536585365853658
sparql,8,3,0.375,0.6104006171147853,0.7786811201445347,0.43905644863975707,0.0,1.0,0.6614087430981261,0.8662232076866223,0.4331928911236796,0.0,1.0,0.6190023990403839,0.7383046781287486,0.4272007512201025,0.0,1.0
