experiment_type,num_trials,exact_match_count,exact_match_rate,triple_precision_mean,triple_precision_median,triple_precision_stdev,triple_precision_min,triple_precision_max,triple_recall_mean,triple_recall_median,triple_recall_stdev,triple_recall_min,triple_recall_max,triple_f1_mean,triple_f1_median,triple_f1_stdev,triple_f1_min,triple_f1_max
agent,8,3,0.375,0.7998949579831933,0.875,0.2316884979003443,0.47058823529411764,1.0,0.653776078058718,0.5857142857142856,0.3082752575249652,0.24242424242424243,1.0,0.7098071418836036,0.6969696969696969,0.27247096672012416,0.32,1.0
agent_no_traversal,8,2,0.25,0.5682352941176471,0.6729411764705883,0.38632686019299045,0.0,1.0,0.6784228325476532,0.6926829268292682,0.34817416911976445,0.0,1.0,0.5765003138731952,0.5911864406779661,0.35533687307624195,0.0,1.0
baseline,8,4,0.5,0.7812805342850213,0.846938775510204,0.26250140339769834,0.3,1.0,0.8296739427478308,0.9285714285714286,0.24145628678230685,0.3333333333333333,1.0,0.7836538461538461,0.8777777777777778,0.2541082819627188,0.4230769230769231,1.0
sparql,8,2,0.25,0.45357142857142857,0.4,0.44412261590599467,0.0,1.0,0.4933516089362574,0.5448350071736011,0.4526144071402085,0.0,1.0,0.4551169590643275,0.4388888888888889,0.43271023673895737,0.0,1.0
