run_id,community_pruned,model,experiment_type,ground_truth_triples,base_triples,reinserted_triples,shared_triples,missing_triples,extra_triples,triple_precision,triple_recall,triple_f1,exact_graph_match,error
c022752343034aa993b2d2ca7c6b17a7,WayfindingTechnique,qwen/qwen3.6-35b-a3b,agent,34,682,0,0,34,0,0,0.0,0,False,
c022752343034aa993b2d2ca7c6b17a7,WayfindingTechnique,qwen/qwen3.6-35b-a3b,baseline,34,682,29,28,6,1,0.9655172413793104,0.8235294117647058,0.888888888888889,False,
c022752343034aa993b2d2ca7c6b17a7,WayfindingTechnique,qwen/qwen3.6-35b-a3b,sparql,34,682,35,34,0,1,0.9714285714285714,1.0,0.9855072463768115,False,
e7bad06c0da14e7fb602cda189251d92,WayfindingTechnique,qwen/qwen3.6-35b-a3b,agent,34,682,0,0,34,0,0,0.0,0,False,
e7bad06c0da14e7fb602cda189251d92,WayfindingTechnique,qwen/qwen3.6-35b-a3b,baseline,34,682,29,28,6,1,0.9655172413793104,0.8235294117647058,0.888888888888889,False,
e7bad06c0da14e7fb602cda189251d92,WayfindingTechnique,qwen/qwen3.6-35b-a3b,sparql,34,682,35,34,0,1,0.9714285714285714,1.0,0.9855072463768115,False,
1988d8885d3c481aa4c91b4bbffe81f3,Task,qwen/qwen3.6-35b-a3b,agent,65,657,0,0,65,0,0,0.0,0,False,
1988d8885d3c481aa4c91b4bbffe81f3,Task,qwen/qwen3.6-35b-a3b,baseline,65,657,21,21,44,0,1.0,0.3230769230769231,0.48837209302325585,False,
1988d8885d3c481aa4c91b4bbffe81f3,Task,qwen/qwen3.6-35b-a3b,sparql,65,657,21,21,44,0,1.0,0.3230769230769231,0.48837209302325585,False,
