experiment_type,num_trials,exact_match_count,exact_match_rate,triple_precision_mean,triple_precision_median,triple_precision_stdev,triple_precision_min,triple_precision_max,triple_recall_mean,triple_recall_median,triple_recall_stdev,triple_recall_min,triple_recall_max,triple_f1_mean,triple_f1_median,triple_f1_stdev,triple_f1_min,triple_f1_max
agent,8,2,0.25,0.813829185520362,0.8288461538461538,0.1847056874750154,0.4411764705882353,1.0,0.8545872991106257,0.9097285067873303,0.17121550096623697,0.5172413793103449,1.0,0.8315987933634992,0.8824175824175824,0.17288271272456449,0.47619047619047616,1.0
baseline,8,5,0.625,0.8602941176470589,1.0,0.2237173027222544,0.38235294117647056,1.0,0.8997844827586207,1.0,0.2023272897376517,0.4482758620689655,1.0,0.8774801587301587,1.0,0.20967404147321259,0.41269841269841273,1.0
sparql,8,4,0.5,0.8626509054325956,0.9577464788732395,0.18735491372599275,0.4857142857142857,1.0,0.9170258620689655,1.0,0.15975296641027129,0.5862068965517241,1.0,0.8867844012605042,0.9779411764705882,0.16989026633337384,0.53125,1.0
