experiment_type,num_trials,exact_match_count,exact_match_rate,triple_precision_mean,triple_precision_median,triple_precision_stdev,triple_precision_min,triple_precision_max,triple_recall_mean,triple_recall_median,triple_recall_stdev,triple_recall_min,triple_recall_max,triple_f1_mean,triple_f1_median,triple_f1_stdev,triple_f1_min,triple_f1_max
agent,2,0,0.0,0.7857142857142857,0.7857142857142857,0.0,0.7857142857142857,0.7857142857142857,0.5365853658536586,0.5365853658536586,0.0,0.5365853658536586,0.5365853658536586,0.6376811594202899,0.6376811594202899,0.0,0.6376811594202899,0.6376811594202899
agent_no_traversal,2,0,0.0,0.7548387096774194,0.7548387096774194,0.06386770926846236,0.7096774193548387,0.8,0.5609756097560976,0.5609756097560976,0.03449301371641691,0.5365853658536586,0.5853658536585366,0.6435837245696401,0.6435837245696401,0.045923210358750695,0.6111111111111112,0.676056338028169
baseline,2,0,0.0,0.7906976744186046,0.7906976744186046,0.0,0.7906976744186046,0.7906976744186046,0.8292682926829268,0.8292682926829268,0.0,0.8292682926829268,0.8292682926829268,0.8095238095238095,0.8095238095238095,0.0,0.8095238095238095,0.8095238095238095
sparql,2,0,0.0,0.620137299771167,0.620137299771167,0.016180933207930098,0.6086956521739131,0.631578947368421,0.6341463414634146,0.6341463414634146,0.06898602743283397,0.5853658536585366,0.6829268292682927,0.6256365488142005,0.6256365488142005,0.02551469252644604,0.6075949367088608,0.6436781609195402
