experiment_type,num_trials,exact_match_count,exact_match_rate,triple_precision_mean,triple_precision_median,triple_precision_stdev,triple_precision_min,triple_precision_max,triple_recall_mean,triple_recall_median,triple_recall_stdev,triple_recall_min,triple_recall_max,triple_f1_mean,triple_f1_median,triple_f1_stdev,triple_f1_min,triple_f1_max
agent,17,0,0.0,0.7847662141779789,1.0,0.33679816974002813,0.0,1.0,0.6053508858660003,0.6176470588235294,0.2439343819742126,0.0,1.0,0.632815987855725,0.6666666666666666,0.2567212550889094,0.0,0.9600000000000001
baseline,17,2,0.11764705882352941,0.9637799564270153,1.0,0.07165156371460657,0.75,1.0,0.6916010251446535,0.7142857142857143,0.18786628145496337,0.3230769230769231,1.0,0.7917537199402637,0.8,0.14103600454967127,0.48837209302325585,1.0
sparql,17,3,0.17647058823529413,0.897455162507475,0.9655172413793104,0.20556878209878351,0.16666666666666666,1.0,0.8322724311105149,0.8235294117647058,0.1857413335746719,0.3230769230769231,1.0,0.8333720629989599,0.896551724137931,0.19432822423660628,0.2857142857142857,1.0
